{
    "interfaces": {
        "google.cloud.recaptchaenterprise.v1.RecaptchaEnterpriseService": {
            "retry_codes": {
                "no_retry_codes": [],
                "no_retry_1_codes": []
            },
            "retry_params": {
                "no_retry_params": {
                    "initial_retry_delay_millis": 0,
                    "retry_delay_multiplier": 0.0,
                    "max_retry_delay_millis": 0,
                    "initial_rpc_timeout_millis": 0,
                    "rpc_timeout_multiplier": 1.0,
                    "max_rpc_timeout_millis": 0,
                    "total_timeout_millis": 0
                },
                "no_retry_1_params": {
                    "initial_retry_delay_millis": 0,
                    "retry_delay_multiplier": 0.0,
                    "max_retry_delay_millis": 0,
                    "initial_rpc_timeout_millis": 600000,
                    "rpc_timeout_multiplier": 1.0,
                    "max_rpc_timeout_millis": 600000,
                    "total_timeout_millis": 600000
                }
            },
            "methods": {
                "AnnotateAssessment": {
                    "timeout_millis": 600000,
                    "retry_codes_name": "no_retry_1_codes",
                    "retry_params_name": "no_retry_1_params"
                },
                "CreateAssessment": {
                    "timeout_millis": 600000,
                    "retry_codes_name": "no_retry_1_codes",
                    "retry_params_name": "no_retry_1_params"
                },
                "CreateFirewallPolicy": {
                    "timeout_millis": 60000,
                    "retry_codes_name": "no_retry_codes",
                    "retry_params_name": "no_retry_params"
                },
                "CreateKey": {
                    "timeout_millis": 600000,
                    "retry_codes_name": "no_retry_1_codes",
                    "retry_params_name": "no_retry_1_params"
                },
                "DeleteFirewallPolicy": {
                    "timeout_millis": 60000,
                    "retry_codes_name": "no_retry_codes",
                    "retry_params_name": "no_retry_params"
                },
                "DeleteKey": {
                    "timeout_millis": 600000,
                    "retry_codes_name": "no_retry_1_codes",
                    "retry_params_name": "no_retry_1_params"
                },
                "GetFirewallPolicy": {
                    "timeout_millis": 60000,
                    "retry_codes_name": "no_retry_codes",
                    "retry_params_name": "no_retry_params"
                },
                "GetKey": {
                    "timeout_millis": 600000,
                    "retry_codes_name": "no_retry_1_codes",
                    "retry_params_name": "no_retry_1_params"
                },
                "GetMetrics": {
                    "timeout_millis": 60000,
                    "retry_codes_name": "no_retry_codes",
                    "retry_params_name": "no_retry_params"
                },
                "ListFirewallPolicies": {
                    "timeout_millis": 60000,
                    "retry_codes_name": "no_retry_codes",
                    "retry_params_name": "no_retry_params"
                },
                "ListKeys": {
                    "timeout_millis": 600000,
                    "retry_codes_name": "no_retry_1_codes",
                    "retry_params_name": "no_retry_1_params"
                },
                "ListRelatedAccountGroupMemberships": {
                    "timeout_millis": 60000,
                    "retry_codes_name": "no_retry_codes",
                    "retry_params_name": "no_retry_params"
                },
                "ListRelatedAccountGroups": {
                    "timeout_millis": 60000,
                    "retry_codes_name": "no_retry_codes",
                    "retry_params_name": "no_retry_params"
                },
                "MigrateKey": {
                    "timeout_millis": 60000,
                    "retry_codes_name": "no_retry_codes",
                    "retry_params_name": "no_retry_params"
                },
                "RetrieveLegacySecretKey": {
                    "timeout_millis": 60000,
                    "retry_codes_name": "no_retry_codes",
                    "retry_params_name": "no_retry_params"
                },
                "SearchRelatedAccountGroupMemberships": {
                    "timeout_millis": 60000,
                    "retry_codes_name": "no_retry_codes",
                    "retry_params_name": "no_retry_params"
                },
                "UpdateFirewallPolicy": {
                    "timeout_millis": 60000,
                    "retry_codes_name": "no_retry_codes",
                    "retry_params_name": "no_retry_params"
                },
                "UpdateKey": {
                    "timeout_millis": 600000,
                    "retry_codes_name": "no_retry_1_codes",
                    "retry_params_name": "no_retry_1_params"
                }
            }
        }
    }
}
